{
    "noOfBlocks": 4,
    "gridSize": 2,
    "neighbors": {
        "Block 1": [
            "Block 2",
            "Block 3"
        ],
        "Block 2": [
            "Block 4",
            "Block 1"
        ],
        "Block 3": [
            "Block 1",
            "Block 4"
        ],
        "Block 4": [
            "Block 2",
            "Block 3"
        ]
    },
    "ev": {
        "Block 1": {
            "mean": 0.3485549854009635,
            "std": 0.08496175993144124
        },
        "Block 2": {
            "mean": 0.15827963656058497,
            "std": 0.09905159919310223
        },
        "Block 3": {
            "mean": 0.3960676329873698,
            "std": 0.08637750376247447
        },
        "Block 4": {
            "mean": 0.4043526497288359,
            "std": 0.06085956745228487
        }
    },
    "request": {
        "Block 1": {
            "mean": 0.33587288272919513,
            "std": 0.012424595947145055
        },
        "Block 2": {
            "mean": 0.21280229368657,
            "std": 0.04866804271112841
        },
        "Block 3": {
            "mean": 0.2402506740165149,
            "std": 0.031102101621476703
        },
        "Block 4": {
            "mean": 0.13802135973220062,
            "std": 0.031444064980832416
        }
    },
    "congestion": {
        "Block 1": {
            "Block 2": {
                "mean": 0.29265141031814734,
                "std": 0.0512430504822571
            },
            "Block 3": {
                "mean": 0.33607577604239247,
                "std": 0.05707429999560357
            }
        },
        "Block 2": {
            "Block 4": {
                "mean": 0.2456592779065089,
                "std": 0.06611303473998704
            },
            "Block 1": {
                "mean": 0.4398154126657453,
                "std": 0.010293044333142529
            }
        },
        "Block 3": {
            "Block 1": {
                "mean": 0.2909370640981164,
                "std": 0.07894881120180848
            },
            "Block 4": {
                "mean": 0.3517587175735819,
                "std": 0.06865440218449044
            }
        },
        "Block 4": {
            "Block 2": {
                "mean": 0.2037135735522162,
                "std": 0.07771793392579754
            },
            "Block 3": {
                "mean": 0.28272121271515815,
                "std": 0.04221497366160147
            }
        }
    }
}