{
    "noOfBlocks": 4,
    "gridSize": 2,
    "neighbors": {
        "Block 1": [
            "Block 2",
            "Block 3"
        ],
        "Block 2": [
            "Block 4",
            "Block 1"
        ],
        "Block 3": [
            "Block 1",
            "Block 4"
        ],
        "Block 4": [
            "Block 2",
            "Block 3"
        ]
    },
    "ev": {
        "Block 1": {
            "mean": 0.40116249928755454,
            "std": 0.053843388727556174
        },
        "Block 2": {
            "mean": 0.10271657100831835,
            "std": 0.0251384866857335
        },
        "Block 3": {
            "mean": 0.36721053613820565,
            "std": 0.0662205745239789
        },
        "Block 4": {
            "mean": 0.3833686237332732,
            "std": 0.026097885571961063
        }
    },
    "request": {
        "Block 1": {
            "mean": 0.36041870304520984,
            "std": 0.0489462822981247
        },
        "Block 2": {
            "mean": 0.1340990599722603,
            "std": 0.09231044250860038
        },
        "Block 3": {
            "mean": 0.30285183151782225,
            "std": 0.05593052481350633
        },
        "Block 4": {
            "mean": 0.1795106334362957,
            "std": 0.06467992874914216
        }
    },
    "congestion": {
        "Block 1": {
            "Block 2": {
                "mean": 0.27427824070694784,
                "std": 0.07437754333871792
            },
            "Block 3": {
                "mean": 0.3368829812032724,
                "std": 0.011655000588402518
            }
        },
        "Block 2": {
            "Block 4": {
                "mean": 0.336645380729114,
                "std": 0.06606462707789308
            },
            "Block 1": {
                "mean": 0.1697754999606867,
                "std": 0.06905607462831258
            }
        },
        "Block 3": {
            "Block 1": {
                "mean": 0.11618673535674216,
                "std": 0.024236644954164305
            },
            "Block 4": {
                "mean": 0.3587353705580947,
                "std": 0.07194553507292228
            }
        },
        "Block 4": {
            "Block 2": {
                "mean": 0.3599921316632574,
                "std": 0.06171768415695503
            },
            "Block 3": {
                "mean": 0.48396718730610355,
                "std": 0.05677321189117555
            }
        }
    }
}